INSERT INTO bird (
  id,
  name,
  scientific_name,
  description,
  length,
  wing_span,
  weight,
  migrates
) VALUES
  (
    1,
    'Red-tailed Hawk',
    'Buteo jamaicensis',
    'Larger raptor. Brown top, white under wings. Broad chest. Orange-red tail.',
    19,
    49,
    38.4,
    1
  ),
  (
    2,
    'Gray Catbird',
    'Dumetella carolinensis',
    'Gray bird with a brown spot on its rump. Small to medium sized, similar to a Robin.',
    8.5,
    11,
    1.3,
    1
  ),
  (
    3,
    'Hairy Woodpecker',
    'Picoides villosus',
    "Mostly black and white birds with stripes across their heads and wings. Males have a small red patch on the back of their head. Small to medium sized.",
    9.25,
    15,
    2.3,
    0
  ),
  (
    4,
    'White-breasted Nuthatch',
    'Sitta carolinesis',
    'White breasted bird with black strike across its head. Short tail. Long and narrow dark beak. Blue-ish gray wings. Often seen upside down on trees.',
     5.75,
     11,
     .74,
     0
  ),
  (
    5,
    'Red-breasted Nuthatch',
    'Sitta canadensis',
    'Red breasted bird with black strike across its head. Short tail. Long and narrow dark beak. Blue-ish gray wings. Smaller than white-breasted nuthatch.',
    4.5,
    8.5,
   .35,
    0
  ),
  (
    6,
    'Red-winged Blackbird',
    'Agelaius phoeniceus',
    'Dark black medium-sized birds with a red spot on their wing. Females are brown and white, with striped breasts. These birds are often found near wetlands.',
    8.75,
    13,
    1.8,
    0
  ),
  (
    7,
    'Barn Swallow',
    'Hirundo rustica',
    'Long divided tail. Orange underbelly, dark blue back. Acrobatic in their flying.',
    6.75,
    15,
    .67,
    1
  ),
  (
    8,
    'Cliff Swallow',
    'Petrohelidon pyrrhonota',
    'Short segmented tail. White underbelly. Brown and blue head. Blue back with dark grey/black wings.',
    6.75,
    15,
    .67,
    1
  );

INSERT INTO descriptor (
  id,
  descriptor_type_id,
  name
) VALUES
  (1, 1, 'Brown'),
  (2, 1, 'Red'),
  (3, 1, 'Orange'),
  (4, 1, 'White'),
  (5, 1, 'Gray'),
  (6, 2, 'Small'),
  (7, 2, 'Medium'),
  (8, 2, 'Large'),
  (9, 3, 'Cheeeeeew'),
  (10, 3, 'Mwee'),
  (11, 3, 'Meeurr'),
  (12, 3, 'Whurf'),
  (13, 3, 'Peek'),
  (14, 3, 'Peech'),
  (15, 3, 'Kweek'),
  (16, 1, 'Black'),
  (17, 4, 'Winter'),
  (18, 4, 'Spring'),
  (19, 4, 'Summer'),
  (20, 4, 'fall'),
  (21, 3, 'Nasally whi-whi-whi'),
  (22, 3, 'Kon ka reeee'),
  (23, 1, 'Blue'),
  (24, 3, 'Vit veet');

INSERT INTO bird_descriptor (
  bird_id,
  descriptor_id
) VALUES
  (1, 1),
  (1, 2),
  (1, 3),
  (1, 4),
  (1, 9),
  (1, 8),
  (1, 17),
  (1, 18),
  (1, 19),
  (1, 20),
  (2, 1),
  (2, 5),
  (2, 6),
  (2, 10),
  (2, 11),
  (2, 12),
  (2, 18),
  (2, 19),
  (3, 16),
  (3, 4),
  (3, 2),
  (3, 13),
  (3, 14),
  (3, 15),
  (3, 17),
  (3, 18),
  (3, 19),
  (3, 20),
  (4, 6),
  (4, 21),
  (4, 4),
  (4, 5),
  (4, 1),
  (5, 6),
  (5, 21),
  (5, 4),
  (5, 5),
  (5, 1),
  (5, 2),
  (5, 6),
  (6, 16),
  (6, 4),
  (6, 1),
  (6, 7),
  (6, 22),
  (6, 18),
  (6, 19),
  (6, 20),
  (7, 6),
  (7, 18),
  (7, 19),
  (7, 20),
  (7, 23),
  (7, 3),
  (7, 16),
  (7, 24),
  (8, 6),
  (8, 18),
  (8, 19),
  (8, 20),
  (8, 23),
  (8, 16),
  (8, 24)
;